{
  "project_info": {
    "project_number": "252185371601",
    "project_id": "being-a-human",
    "storage_bucket": "being-a-human.appspot.com"
  },
  "client": [
    {
      "client_info": {
        "mobilesdk_app_id": "1:252185371601:android:5caa51982c3a8c813036f0",
        "android_client_info": {
          "package_name": "com.example.beingahuman"
        }
      },
      "oauth_client": [
        {
          "client_id": "252185371601-b527lqg7pg1a2sik23upigl0fdestpth.apps.googleusercontent.com",
          "client_type": 1,
          "android_info": {
            "package_name": "com.example.beingahuman",
            "certificate_hash": "c3b4f23f6ffd1a25bed349226c0a7561e598ec21"
          }
        },
        {
          "client_id": "252185371601-gkg5olk11pnqf4v5ce7rk1heuss3mvtg.apps.googleusercontent.com",
          "client_type": 3
        }
      ],
      "api_key": [
        {
          "current_key": "AIzaSyBjytGtSJiArETSdZg47H6Nt9cEyXbAlvg"
        }
      ],
      "services": {
        "appinvite_service": {
          "other_platform_oauth_client": [
            {
              "client_id": "252185371601-gkg5olk11pnqf4v5ce7rk1heuss3mvtg.apps.googleusercontent.com",
              "client_type": 3
            }
          ]
        }
      }
    }
  ],
  "configuration_version": "1"
}